segmentation,mean_income,mean_age,mean_member_lifespan,mean_interaction_freq,mean_expense_strength,q_income,q_age,q_member_lifespan,q_interaction_freq,q_expense_strength,AOV,churn_rate,APFR,total_revenue
Tech-savy,4000000,17,845,2232,0.5074188594308409,75,5,15,47,18,75,47,18,15
Thích đọc sách,20000000,22,213,680,0.649165202227983,14,14,14,14,14,14,14,14,14
Săn sale,30000000,29,204,1493,0.9674914284598545,35,35,15,25,35,35,25,35,15
Hàng hiệu,50000000,25,946,465,1.2609187020922,80,80,90,10,30,80,10,30,90
Thời trang,70000000,45,908,2974,1.0562397543870936,60,60,60,60,10,60,60,10,60
Cú đêm,100000000,22,664,3023,1.0171303408532635,40,40,63,38,44,40,38,44,63
